{
    "0": "0",
    "$1 = 10 credits": "$1 = 10 credits",
    "1": "1",
    "2": "2",
    "3": "3",
    "4": "4",
    "5": "5",
    "6": "6",
    "7": "7",
    "8": "8",
    "9": "9",
    "10": "10",
    "403 | THIS ACTION IS UNAUTHORIZED": "403 | THIS ACTION IS UNAUTHORIZED",
    "404 | NOT FOUND": "404 | NOT FOUND",
    "99.95% uptime, powerfull features and more...": "99.95% uptime, powerfull features and more...",
    "ABC": "ABC",
    "ACTION": "ACTION",
    "ACTIVE": "ACTIVE",
    "AMOUNT": "AMOUNT",
    "APPLICATION": "APPLICATION",
    "ASSING TO": "ASSING TO",
    "Access the": "Access the",
    "Account Reports": "Account Reports",
    "Account SID/Key": "Account SID/Key",
    "Account Settings": "Account Settings",
    "Active": "Active",
    "Active Status": "Active Status",
    "Active Subscriptions": "Active Subscriptions",
    "Add Channel": "Add Channel",
    "Add New Addon": "Add New Addon",
    "Add New Agent": "Add New Agent",
    "Add New Blog Or Page": "Add New Blog Or Page",
    "Add New Contact": "Add New Contact",
    "Add New Country": "Add New Country",
    "Add New Currency": "Add New Currency",
    "Add New Department": "Add New Department",
    "Add New Feature": "Add New Feature",
    "Add New Group": "Add New Group",
    "Add New Language": "Add New Language",
    "Add New Package": "Add New Package",
    "Add New Phone Number": "Add New Phone Number",
    "Add New Provider": "Add New Provider",
    "Add New User": "Add New User",
    "Addons": "Addons",
    "Admin": "Admin",
    "Agents": "Agents",
    "All Campaigns": "All Campaigns",
    "All Clients": "All Clients",
    "All Groups": "All Groups",
    "All Providers": "All Providers",
    "Analytics": "Analytics",
    "Analyze Audio Record": "Analyze Audio Record",
    "And create a project. ": "And create a project. ",
    "Application": "Application",
    "Application Setup": "Application Setup",
    "Application Upgrade": "Application Upgrade",
    "Ask a question or file a support ticketn or report an issues. Our team support team will get back to you by email": "Ask a question or file a support ticketn or report an issues. Our team support team will get back to you by email",
    "Assign All Contacts To Group": "Assign All Contacts To Group",
    "Assign Contacts": "Assign Contacts",
    "Assign Department": "Assign Department",
    "Assign To": "Assign To",
    "Assign To Group": "Assign To Group",
    "Assign To Groups": "Assign To Groups",
    "Assing department to the agent": "Assing department to the agent",
    "Assing the provider to an user": "Assing the provider to an user",
    "Audio Campaign": "Audio Campaign",
    "Audio File URL": "Audio File URL",
    "Auth Token/Secret Key": "Auth Token/Secret Key",
    "Available For Trial": "Available For Trial",
    "Avg Subscriptions Today": "Avg Subscriptions Today",
    "BILL FOR": "BILL FOR",
    "Back To Home": "Back To Home",
    "Backend": "Backend",
    "Backend Custom CSS": "Backend Custom CSS",
    "Backend Custom JS": "Backend Custom JS",
    "Balance": "Balance",
    "Basic info, like your name and address, that you use on": "Basic info, like your name and address, that you use on",
    "Before application update please make sure you have backed up your database and files.n                                        Upgrade may take time to finish. Do not close this window or disconnect your internet connection.": "Before application update please make sure you have backed up your database and files.n                                        Upgrade may take time to finish. Do not close this window or disconnect your internet connection.",
    "Billing Cycle": "Billing Cycle",
    "Billing History": "Billing History",
    "Blog/Page Title": "Blog/Page Title",
    "Blogs": "Blogs",
    "Blogs/Pages": "Blogs/Pages",
    "Bulk Export & Import": "Bulk Export & Import",
    "Bulk SMS": "Bulk SMS",
    "Buy": "Buy",
    "By": "By",
    "CALLER PHONE": "CALLER PHONE",
    "CHANNEL": "CHANNEL",
    "CHANNEL NAME": "CHANNEL NAME",
    "CHANNEL PHONE": "CHANNEL PHONE",
    "CHECK": "CHECK",
    "CODE": "CODE",
    "COMING SOON": "COMING SOON",
    "CONTAINER": "CONTAINER",
    "COUNTRY": "COUNTRY",
    "CRON JOB NAME": "CRON JOB NAME",
    "CSV Import Progress": "CSV Import Progress",
    "CSV Viewer": "CSV Viewer",
    "CUSTOM STYLES & SCRIPTS": "CUSTOM STYLES & SCRIPTS",
    "Call Costs Manager": "Call Costs Manager",
    "Call History": "Call History",
    "Call History & Recordings": "Call History & Recordings",
    "Call ended": "Call ended",
    "Call ended at": "Call ended at",
    "Call logs": "Call logs",
    "Campaign Leads": "Campaign Leads",
    "Campaign Name": "Campaign Name",
    "Campaigns": "Campaigns",
    "Cancel": "Cancel",
    "Capability Token": "Capability Token",
    "Change Password": "Change Password",
    "Change Plan": "Change Plan",
    "Check here": "Check here",
    "Check out all your call analytics.": "Check out all your call analytics.",
    "Check out all your payment history. You can also download or print your invoice": "Check out all your payment history. You can also download or print your invoice",
    "Check the call cost list here:": "Check the call cost list here:",
    "Check your reports of uses and manage your packages or subscriptions that you have": "Check your reports of uses and manage your packages or subscriptions that you have",
    "Choose file": "Choose file",
    "Click any message to see details": "Click any message to see details",
    "Click here": "Click here",
    "Click to download call recordings": "Click to download call recordings",
    "Click to reset call session": "Click to reset call session",
    "Click to set as default": "Click to set as default",
    "Click-to-Upgrade": "Click-to-Upgrade",
    "Clients": "Clients",
    "Company Address": "Company Address",
    "Company Name": "Company Name",
    "Company name": "Company name",
    "Configurable": "Configurable",
    "Configurable Number": "Configurable Number",
    "Configure number of branches": "Configure number of branches",
    "Configure your voice greeting": "Configure your voice greeting",
    "Confirm": "Confirm",
    "Confirm Password": "Confirm Password",
    "Connecting": "Connecting",
    "Contact": "Contact",
    "Contacts": "Contacts",
    "Contacts CSV File": "Contacts CSV File",
    "Copy Texts": "Copy Texts",
    "Copy flow to clipboard": "Copy flow to clipboard",
    "Country": "Country",
    "Country Code": "Country Code",
    "Create Cost": "Create Cost",
    "Create New Campaign": "Create New Campaign",
    "Create an account": "Create an account",
    "Create capability token from": "Create capability token from",
    "Creating New IVR": "Creating New IVR",
    "Creating New Ineractivity": "Creating New Ineractivity",
    "Credit Cost": "Credit Cost",
    "Credits": "Credits",
    "Credits: ": "Credits: ",
    "Cron Jobs": "Cron Jobs",
    "Currencies": "Currencies",
    "Currency": "Currency",
    "Custom CSS JS": "Custom CSS JS",
    "DEACTIVE": "DEACTIVE",
    "DEF": "DEF",
    "DEFAULT": "DEFAULT",
    "DEPARTMENT NAME": "DEPARTMENT NAME",
    "DESCRIPTION": "DESCRIPTION",
    "DIALED": "DIALED",
    "DOB": "DOB",
    "DUE DATE": "DUE DATE",
    "DURATION": "DURATION",
    "Dashboard": "Dashboard",
    "Dashboard UI": "Dashboard UI",
    "Date Of Birth": "Date Of Birth",
    "Day": "Day",
    "Default": "Default",
    "Delete": "Delete",
    "Department": "Department",
    "Department Name": "Department Name",
    "Department of": "Department of",
    "Departments": "Departments",
    "Description": "Description",
    "Device Error": "Device Error",
    "Device is ready to make calls": "Device is ready to make calls",
    "Dialer": "Dialer",
    "Dont struggle anymore to manage tasks. Everything is easy to setup": "Dont struggle anymore to manage tasks. Everything is easy to setup",
    "Download Call Recordings": "Download Call Recordings",
    "EMAIL": "EMAIL",
    "ENDS IN": "ENDS IN",
    "EXTENDED": "EXTENDED",
    "Edit": "Edit",
    "Email": "Email",
    "Email Address": "Email Address",
    "Enable for IVR": "Enable for IVR",
    "Enable for Interactive Voice": "Enable for Interactive Voice",
    "Enable for Interactive Voice.": "Enable for Interactive Voice.",
    "Enable for inbound call": "Enable for inbound call",
    "Enable for outbound call": "Enable for outbound call",
    "Enable or disable KYC document verification": "Enable or disable KYC document verification",
    "Enable to make campaign active": "Enable to make campaign active",
    "Enable to make department active": "Enable to make department active",
    "Enable to make feature active": "Enable to make feature active",
    "Enable to make group active": "Enable to make group active",
    "Enable to make provider active": "Enable to make provider active",
    "Enable to make this blog/page active": "Enable to make this blog/page active",
    "Enable to make website make offline": "Enable to make website make offline",
    "Enter Country Code": "Enter Country Code",
    "Enter Twilio Call Cost": "Enter Twilio Call Cost",
    "Enter Your Call Cost": "Enter Your Call Cost",
    "Enter your email address": "Enter your email address",
    "Enter your password": "Enter your password",
    "Ex": "Ex",
    "Example": "Example",
    "Expired in": "Expired in",
    "Export & Import Contacts": "Export & Import Contacts",
    "Export CSV": "Export CSV",
    "Export Contacts": "Export Contacts",
    "Export Contacts As CSV File Format": "Export Contacts As CSV File Format",
    "Export Newsletters": "Export Newsletters",
    "Export Payment Histories": "Export Payment Histories",
    "Export Providers": "Export Providers",
    "FEATURE NAME": "FEATURE NAME",
    "Feature Name": "Feature Name",
    "Features": "Features",
    "Fetching Twilio Accounts.": "Fetching Twilio Accounts.",
    "Fetching data from Twilio.": "Fetching data from Twilio.",
    "Fix Connection": "Fix Connection",
    "Flutterwave": "Flutterwave",
    "Forgot Password?": "Forgot Password?",
    "Free trial": "Free trial",
    "Friendly name": "Friendly name",
    "Frontend": "Frontend",
    "Frontend Custom CSS": "Frontend Custom CSS",
    "Frontend Custom JS": "Frontend Custom JS",
    "Frontend Theme": "Frontend Theme",
    "Full Name": "Full Name",
    "GENDER": "GENDER",
    "GEO Permissions": "GEO Permissions",
    "GHI": "GHI",
    "GROUP": "GROUP",
    "Gender": "Gender",
    "Geo Permissions": "Geo Permissions",
    "Get Started": "Get Started",
    "Get Support Now": "Get Support Now",
    "Go to translate": "Go to translate",
    "Google ReCaptch Mode": "Google ReCaptch Mode",
    "Google ReCaptcha Key": "Google ReCaptcha Key",
    "Google ReCaptcha Secret Key": "Google ReCaptcha Secret Key",
    "Group Name": "Group Name",
    "Group description": "Group description",
    "Groups": "Groups",
    "HANGED": "HANGED",
    "HANGUP": "HANGUP",
    "Hello! You have reached Teleman - Telemarketing & VoIP Service Application. I am happy to help connect you to the correct co-working space department today. Please let me know who you need to speak with.": "Hello! You have reached Teleman - Telemarketing & VoIP Service Application. I am happy to help connect you to the correct co-working space department today. Please let me know who you need to speak with.",
    "Hello! You have reached appName(). I am happy to help connect you to the correct co-working space department today. Please let me know who you need to speak with.": "Hello! You have reached appName(). I am happy to help connect you to the correct co-working space department today. Please let me know who you need to speak with.",
    "Here is all the cron jobs history": "Here is all the cron jobs history",
    "Here is all the newsletter": "Here is all the newsletter",
    "Here is all the payment history of users": "Here is all the payment history of users",
    "Hourly Quota": "Hourly Quota",
    "I don't have an account?": "I don't have an account?",
    "IN QUEUE": "IN QUEUE",
    "INCOMING": "INCOMING",
    "ISSUE": "ISSUE",
    "ISSUE DATE": "ISSUE DATE",
    "IVR": "IVR",
    "Identity": "Identity",
    "Import Contacts": "Import Contacts",
    "In 30 days sales of subscription": "In 30 days sales of subscription",
    "In last 30 days revenue from subscription.": "In last 30 days revenue from subscription.",
    "In this month": "In this month",
    "Inbound": "Inbound",
    "Inbound Calling": "Inbound Calling",
    "Inbound Department": "Inbound Department",
    "Input a number to make call": "Input a number to make call",
    "Insert channel name...": "Insert channel name...",
    "Install": "Install",
    "Interactive Voice": "Interactive Voice",
    "Invoices": "Invoices",
    "JKL": "JKL",
    "JOINED": "JOINED",
    "Join date": "Join date",
    "KYC Document Verification": "KYC Document Verification",
    "LANGUAGE": "LANGUAGE",
    "LANGUAGES": "LANGUAGES",
    "LAST SERVED": "LAST SERVED",
    "Language": "Language",
    "Language Code": "Language Code",
    "Language Created Successfully": "Language Created Successfully",
    "Language Name": "Language Name",
    "Languages": "Languages",
    "Leads": "Leads",
    "Left": "Left",
    "Limit Manager": "Limit Manager",
    "Live Call Campaign": "Live Call Campaign",
    "Login": "Login",
    "MISSED": "MISSED",
    "MNO": "MNO",
    "MONTHLY FEE": "MONTHLY FEE",
    "Make default": "Make default",
    "Manage Your Account": "Manage Your Account",
    "Maximum hourly calling limit. ex: 100": "Maximum hourly calling limit. ex: 100",
    "Menus": "Menus",
    "Message": "Message",
    "Message Content For ": "Message Content For ",
    "Messages": "Messages",
    "Messages that are still unopened.": "Messages that are still unopened.",
    "Mic Volume": "Mic Volume",
    "Modify": "Modify",
    "Modifying": "Modifying",
    "Mohammad Prince": "Mohammad Prince",
    "MojSMS": "MojSMS",
    "Mojsms.eu": "Mojsms.eu",
    "Month": "Month",
    "My Subscription": "My Subscription",
    "NAME": "NAME",
    "NO ACCESS": "NO ACCESS",
    "NOT ACTIVE": "NOT ACTIVE",
    "NUMBER": "NUMBER",
    "Name": "Name",
    "New Agent": "New Agent",
    "New Campaign": "New Campaign",
    "New Contact": "New Contact",
    "New Order": "New Order",
    "New Password": "New Password",
    "New Provider": "New Provider",
    "New on our platform?": "New on our platform?",
    "Newsletters": "Newsletters",
    "No Audio Record": "No Audio Record",
    "No Twilio Account Found": "No Twilio Account Found",
    "No call to hangup": "No call to hangup",
    "OPEN": "OPEN",
    "OPEN AI Key": "OPEN AI Key",
    "OPTIONS": "OPTIONS",
    "OR": "OR",
    "OTHERS": "OTHERS",
    "Off": "Off",
    "Old Password": "Old Password",
    "Only .csv file is applicable": "Only .csv file is applicable",
    "Only .mp3 file is applicable": "Only .mp3 file is applicable",
    "Only .zip file is applicable": "Only .zip file is applicable",
    "Only valid url is applicable": "Only valid url is applicable",
    "Oops! Why you’re here?": "Oops! Why you’re here?",
    "Order & Invoice": "Order & Invoice",
    "Our Blogs": "Our Blogs",
    "Outbound": "Outbound",
    "PHONE": "PHONE",
    "PHONE NUMBER": "PHONE NUMBER",
    "PICKED": "PICKED",
    "PQRS": "PQRS",
    "PROFESSION": "PROFESSION",
    "Package Credit": "Package Credit",
    "Package Duration": "Package Duration",
    "Package Duration Type": "Package Duration Type",
    "Package Name": "Package Name",
    "Package Price": "Package Price",
    "Packages": "Packages",
    "Pages": "Pages",
    "Password": "Password",
    "Password should be 8 characters": "Password should be 8 characters",
    "PayPal Braintree": "PayPal Braintree",
    "Payment Gateways": "Payment Gateways",
    "Payment History": "Payment History",
    "Payment gateways": "Payment gateways",
    "Paystack": "Paystack",
    "Per second": "Per second",
    "Perfex CRM": "Perfex CRM",
    "Personal": "Personal",
    "Personal Info": "Personal Info",
    "Personal Information": "Personal Information",
    "Personalized experiences your customers love": "Personalized experiences your customers love",
    "Phone": "Phone",
    "Phone Number": "Phone Number",
    "Plan": "Plan",
    "Plan end": "Plan end",
    "Plan start": "Plan start",
    "Platform": "Platform",
    "Please enter a valid phone number": "Please enter a valid phone number",
    "Please fillup at least one field from Voice Message Text, Audio Message, Audio File URL. Empty valie will be count as invalid. Audio File take the most priority.": "Please fillup at least one field from Voice Message Text, Audio Message, Audio File URL. Empty valie will be count as invalid. Audio File take the most priority.",
    "Please provide country code with the phone number": "Please provide country code with the phone number",
    "Please provide the phone number credit cost amount": "Please provide the phone number credit cost amount",
    "Please select an outbound department.": "Please select an outbound department.",
    "Please visit": "Please visit",
    "Please wait...": "Please wait...",
    "Pre-recorded Audio Message": "Pre-recorded Audio Message",
    "Price is in US dollars": "Price is in US dollars",
    "Pricing": "Pricing",
    "Profession": "Profession",
    "Provider": "Provider",
    "Provider Accounts": "Provider Accounts",
    "Provider Name": "Provider Name",
    "Providers": "Providers",
    "Purchased": "Purchased",
    "Purchased Numbers": "Purchased Numbers",
    "Q. Left": "Q. Left",
    "Quick Export": "Quick Export",
    "Quick View": "Quick View",
    "Quota Left": "Quota Left",
    "RECORDING": "RECORDING",
    "Razorpay": "Razorpay",
    "ReCAPTCHA admin panel": "ReCAPTCHA admin panel",
    "Readonly": "Readonly",
    "Recent Activities": "Recent Activities",
    "Remove": "Remove",
    "Remove All Contacts From Group": "Remove All Contacts From Group",
    "Renew Order": "Renew Order",
    "Report": "Report",
    "Reset Call Session": "Reset Call Session",
    "Ringtone Devices": "Ringtone Devices",
    "SEO": "SEO",
    "SL": "SL",
    "SL.": "SL.",
    "SMS COST": "SMS COST",
    "SMS Cost": "SMS Cost",
    "SMTP": "SMTP",
    "SSL COMMERZ": "SSL COMMERZ",
    "STATUS": "STATUS",
    "SYMBOL": "SYMBOL",
    "Sales Overview": "Sales Overview",
    "Sales Revenue": "Sales Revenue",
    "Save": "Save",
    "Save & Copy flow to clipboard": "Save & Copy flow to clipboard",
    "Save Changes": "Save Changes",
    "Search Contacts Here": "Search Contacts Here",
    "Search by name or number": "Search by name or number",
    "See History": "See History",
    "See your profile data and manage your Account to choose what is saved in our system": "See your profile data and manage your Account to choose what is saved in our system",
    "Seeing unknown devices?": "Seeing unknown devices?",
    "Select Contact": "Select Contact",
    "Select Country": "Select Country",
    "Select Currency": "Select Currency",
    "Select Department": "Select Department",
    "Select Gender": "Select Gender",
    "Select Number": "Select Number",
    "Select Package Features": "Select Package Features",
    "Select Polly Voice!": "Select Polly Voice!",
    "Select Profession": "Select Profession",
    "Select Supported Countries": "Select Supported Countries",
    "Select version reCAPTCHA v2.": "Select version reCAPTCHA v2.",
    "Send Expiry Alert": "Send Expiry Alert",
    "Send Message": "Send Message",
    "Send New Message": "Send New Message",
    "Send SMS": "Send SMS",
    "Send Voice Mail": "Send Voice Mail",
    "Set Default": "Set Default",
    "Set the number of channel": "Set the number of channel",
    "Settings": "Settings",
    "Shops": "Shops",
    "ShortCodes": "ShortCodes",
    "Sign in": "Sign in",
    "Sign out": "Sign out",
    "Sign-In": "Sign-In",
    "Site Color": "Site Color",
    "Site Email": "Site Email",
    "Site Facebook": "Site Facebook",
    "Site Favicon": "Site Favicon",
    "Site Gateway Supports": "Site Gateway Supports",
    "Site Instagram": "Site Instagram",
    "Site Linkedin": "Site Linkedin",
    "Site Logo": "Site Logo",
    "Site Logo (Dark Mode)": "Site Logo (Dark Mode)",
    "Site Name": "Site Name",
    "Site Phone": "Site Phone",
    "Site Tailer URL": "Site Tailer URL",
    "Site Trailer Thumbnail": "Site Trailer Thumbnail",
    "Site Twitter": "Site Twitter",
    "Site Youtube": "Site Youtube",
    "Something went wrong!": "Something went wrong!",
    "Speaker Devices": "Speaker Devices",
    "Speaker Volume": "Speaker Volume",
    "Specify the Open AI key": "Specify the Open AI key",
    "Specify the Package features": "Specify the Package features",
    "Specify the Package supported countries": "Specify the Package supported countries",
    "Specify the Phone of your website": "Specify the Phone of your website",
    "Specify the TwiML App SID": "Specify the TwiML App SID",
    "Specify the TwilML App SID token": "Specify the TwilML App SID token",
    "Specify the URL if your main website is external": "Specify the URL if your main website is external",
    "Specify the URL if your main website is external.": "Specify the URL if your main website is external.",
    "Specify the account key/sid": "Specify the account key/sid",
    "Specify the audio file url": "Specify the audio file url",
    "Specify the auth token/secret key": "Specify the auth token/secret key",
    "Specify the campaign name": "Specify the campaign name",
    "Specify the capability token": "Specify the capability token",
    "Specify the color of your website": "Specify the color of your website",
    "Specify the colors of your website banner": "Specify the colors of your website banner",
    "Specify the company address of the customer": "Specify the company address of the customer",
    "Specify the company name of the customer": "Specify the company name of the customer",
    "Specify the contact gender": "Specify the contact gender",
    "Specify the contact profession": "Specify the contact profession",
    "Specify the country": "Specify the country",
    "Specify the country.": "Specify the country.",
    "Specify the csv file": "Specify the csv file",
    "Specify the dark logo of your website": "Specify the dark logo of your website",
    "Specify the dashboard UI": "Specify the dashboard UI",
    "Specify the department name": "Specify the department name",
    "Specify the description": "Specify the description",
    "Specify the email of the customer": "Specify the email of the customer",
    "Specify the email of your website": "Specify the email of your website",
    "Specify the facebook profile of your website": "Specify the facebook profile of your website",
    "Specify the frontend theme status": "Specify the frontend theme status",
    "Specify the full name of the contact": "Specify the full name of the contact",
    "Specify the gateway of your website": "Specify the gateway of your website",
    "Specify the google recaptcha key.": "Specify the google recaptcha key.",
    "Specify the google recaptcha mode": "Specify the google recaptcha mode",
    "Specify the google recaptcha secret key": "Specify the google recaptcha secret key",
    "Specify the group description": "Specify the group description",
    "Specify the group name": "Specify the group name",
    "Specify the group of the campaign": "Specify the group of the campaign",
    "Specify the group of the contact": "Specify the group of the contact",
    "Specify the hourly quota": "Specify the hourly quota",
    "Specify the instagram profile of your website": "Specify the instagram profile of your website",
    "Specify the linkedin profile of your website": "Specify the linkedin profile of your website",
    "Specify the logo of your website": "Specify the logo of your website",
    "Specify the name of the campaign name": "Specify the name of the campaign name",
    "Specify the name of the customer": "Specify the name of the customer",
    "Specify the name of the feature": "Specify the name of the feature",
    "Specify the name of the language": "Specify the name of the language",
    "Specify the name of the language code": "Specify the name of the language code",
    "Specify the name of the provider name": "Specify the name of the provider name",
    "Specify the name of your website": "Specify the name of your website",
    "Specify the package credit ($)": "Specify the package credit ($)",
    "Specify the package duration": "Specify the package duration",
    "Specify the package price": "Specify the package price",
    "Specify the password of the customer": "Specify the password of the customer",
    "Specify the phone number": "Specify the phone number",
    "Specify the phone number credit cost": "Specify the phone number credit cost",
    "Specify the phone of the customer": "Specify the phone of the customer",
    "Specify the pre-recorded audio file": "Specify the pre-recorded audio file",
    "Specify the provider": "Specify the provider",
    "Specify the site favicon of your website": "Specify the site favicon of your website",
    "Specify the site trailer thumbnail of the video": "Specify the site trailer thumbnail of the video",
    "Specify the site trailer url of your website": "Specify the site trailer url of your website",
    "Specify the target leads expectation": "Specify the target leads expectation",
    "Specify the testing phone number of your twilio account": "Specify the testing phone number of your twilio account",
    "Specify the title of the blog/page": "Specify the title of the blog/page",
    "Specify the twitter profile of your website": "Specify the twitter profile of your website",
    "Specify the voice message text": "Specify the voice message text",
    "Specify the youtube profile of your website": "Specify the youtube profile of your website",
    "Squad": "Squad",
    "Start your Free trial": "Start your Free trial",
    "Status": "Status",
    "Stop Cron Job": "Stop Cron Job",
    "Stripe": "Stripe",
    "Subscribe Now": "Subscribe Now",
    "Subscribed/Active user cannot be deleted": "Subscribed/Active user cannot be deleted",
    "Successfully established call": "Successfully established call",
    "Supported Countries": "Supported Countries",
    "TEXT": "TEXT",
    "TOTAL": "TOTAL",
    "TRANSLATE": "TRANSLATE",
    "TUV": "TUV",
    "TWILIO COST": "TWILIO COST",
    "Target Expectation": "Target Expectation",
    "Telnyx": "Telnyx",
    "Test Call": "Test Call",
    "Test Phone Number": "Test Phone Number",
    "The leads target will be present in percentage(%)": "The leads target will be present in percentage(%)",
    "This Month": "This Month",
    "This Week": "This Week",
    "This can take time, do not refresh the page.": "This can take time, do not refresh the page.",
    "This will adjust the voice of your greeting.": "This will adjust the voice of your greeting.",
    "This will adjust your welcome message.": "This will adjust your welcome message.",
    "Thumbnail size must be: 860x788": "Thumbnail size must be: 860x788",
    "Timezone": "Timezone",
    "Title": "Title",
    "To create a new account or update account.": "To create a new account or update account.",
    "To update the account.": "To update the account.",
    "Toggle": "Toggle",
    "Total": "Total",
    "Translate now": "Translate now",
    "Translation has been saved.": "Translation has been saved.",
    "Trash": "Trash",
    "Try": "Try",
    "Try For Free": "Try For Free",
    "Try it free": "Try it free",
    "TwiML App SID": "TwiML App SID",
    "TwiML App SID Token": "TwiML App SID Token",
    "Twilio": "Twilio",
    "Twilio Console": "Twilio Console",
    "Twilio Cost": "Twilio Cost",
    "UPDATE": "UPDATE",
    "URL": "URL",
    "Update": "Update",
    "Update Account": "Update Account",
    "Update Password": "Update Password",
    "Update Profile": "Update Profile",
    "Update Provider": "Update Provider",
    "Update Translation": "Update Translation",
    "Upgrade": "Upgrade",
    "Upgrade plan": "Upgrade plan",
    "Upload": "Upload",
    "Upload CSV To View": "Upload CSV To View",
    "User Management": "User Management",
    "Users by Country": "Users by Country",
    "Using your email and password.": "Using your email and password.",
    "Verification failed!": "Verification failed!",
    "Verify Documents": "Verify Documents",
    "Verifying identification": "Verifying identification",
    "View Analytics": "View Analytics",
    "View Plan": "View Plan",
    "View Profile": "View Profile",
    "View Report": "View Report",
    "View Subscription": "View Subscription",
    "Visit ": "Visit ",
    "Voice Mail Campaign": "Voice Mail Campaign",
    "Voice Message Text": "Voice Message Text",
    "WXYZ": "WXYZ",
    "We are very sorry for inconvenience. It looks like you’re try to access a page that either has been deleted or never existed": "We are very sorry for inconvenience. It looks like you’re try to access a page that either has been deleted or never existed",
    "Web Dialer": "Web Dialer",
    "Week": "Week",
    "Welcome Back": "Welcome Back",
    "We’re here to help you!": "We’re here to help you!",
    "What's new in the version ": "What's new in the version ",
    "Without the twilio connection this provider can not run campaign.": "Without the twilio connection this provider can not run campaign.",
    "Without the twilio connection, analytics can not be viewed.": "Without the twilio connection, analytics can not be viewed.",
    "WooCommerce": "WooCommerce",
    "Write your message content here": "Write your message content here",
    "YOU": "YOU",
    "YOUR COST": "YOUR COST",
    "Year": "Year",
    "You can also review the calling status of the campaign.": "You can also review the calling status of the campaign.",
    "You have": "You have",
    "You have full control to manage your own account and keep account fully secure": "You have full control to manage your own account and keep account fully secure",
    "You have new message.": "You have new message.",
    "You have total": "You have total",
    "Your Cost": "Your Cost"
}